{
    "custom":{
        "arena":{"text":"组合命令","setip":"192.168.111.26","port":"7858","class":"udp","content":"204&5,204&5-3,204&5-4,204&C,204&O,arena1"},
        "arena1":{"text":"组合命令1","setip":"192.168.111.26","port":"7858","class":"udp","content":"204&5,204&5-3,204&5-4,204&C,204&O,arena2"},
        "arena2":{"text":"组合命令2","setip":"192.168.111.26","port":"7858","class":"udp","content":"204&5,204&5-3,204&5-4,204&C,204&O,jidianqi"},
        "jidianqi":{"text":"继电器控灯","setip":"192.168.111.81","port":"3000","class":"buf","content":"55 01 15 00 00 0C 00 77"}, 
        "jidianqi2":{"text":"继电器控灯","setip":"192.168.111.209","port":"7858","content":""}
    },
    "txtip":{"ip":"192.168.111.","txt":"默认ip前缀"},
    "timing":[
        {"time":"16:27:59","text":"开机时间","setip":"192.168.111.26","port":"7858","content":"all&on","loop":"day"},
        {"time":"22:00:00","text":"关机时间","setip":"192.168.111.26","port":"7858","content":"all&off","loop":"day"},
        {"time":"11:58:29","text":"每天定时任务","setip":"192.168.111.26","port":"7858","content":"","loop":"day"},
        {"time":"23:00:00","text":"每秒定时任务1","setip":"192.168.111.26","port":"7858","content":"","loop":"second","looptime":30,"playtime":15},
        {"time":"23:00:00","text":"每秒定时任务2","setip":"192.168.111.26","port":"7858","content":"","loop":"second","looptime":30,"playtime":1}
    ],
    "oscreceive":{
        "/1":{"text":"组合命令","time":"2000","setip":"192.168.111.209","port":"7858","class":"udp","content":"arena1"},
        "/2":{"text":"继电器控灯","time":"2000","setip":"192.168.111.209","port":"7858","class":"buf","content":"55 01 15 00 00 0C 00 77"}
    },
    "macip":{
        "201":{"mac":"00:E0:70:BB:0F:38","volume":40},
        "203":{"mac":"00:E0:70:BB:0F:38","volume":40},
        "204":{"mac":"00:E0:70:BB:0F:38","volume":40},
        "205":{"mac":"00:E0:70:BB:0F:38","volume":40},
        "26":{"mac":"00:E0:70:BB:0F:38","volume":40},
        "122":{"mac":"00:E0:70:BB:0F:38","volume":40}
    },
    "mainui":{
        "logo":{"url":"src","width":"100","height":"100","top":"100","left":"100"},
        "backgound":{"url":"src","top":"100","left":"100"},
        "nemu":{
            "btn1":{"src":"url","class":"url","text":"url","id":"url","postcontent":"url","attr":"url","width":"url","height":"url","menu":"nemusub1"},
            "btn2":{"src":"url","class":"url","text":"url","id":"url","postcontent":"url","attr":"url","width":"url","height":"url","menu":"nemusub3"},
            "btn3":{"src":"url","class":"url","text":"url","id":"url","postcontent":"url","attr":"url","width":"url","height":"url"},
            "btn4":{"src":"url","class":"url","text":"url","id":"url","postcontent":"url","attr":"url","width":"url","height":"url"},
            "btn5":{"src":"url","class":"url","text":"url","id":"url","postcontent":"url","attr":"url","width":"url","height":"url"}
        },
        "nemusub1":{
            "btn1":{"src":"url","class":"btn","text":"url","id":"url","postcontent":"url","attr":"url","width":"url","height":"url","menu":"nemusub2"},
            "btn2":{"src":"url","class":"btn","text":"url","id":"url","postcontent":"url","attr":"url","width":"url","height":"url","menu":"nemusub3"},
            "btn3":{"src":"url","class":"btn","text":"url","id":"url","postcontent":"url","attr":"url","width":"url","height":"url"},
            "btn4":{"src":"url","class":"btn","text":"url","id":"url","postcontent":"url","attr":"url","width":"url","height":"url"},
            "btn5":{"src":"url","class":"exit","text":"url","id":"url","postcontent":"url","attr":"url","width":"url","height":"url","menu":"nemu"}
        },
        "nemusub2":{
            "btn1":{"src":"url","class":"btn","text":"url","id":"url","postcontent":"url","attr":"url","width":"url","height":"url","menu":"nemusub2"},
            "btn2":{"src":"url","class":"btn","text":"url","id":"url","postcontent":"url","attr":"url","width":"url","height":"url","menu":"nemusub3"},
            "btn3":{"src":"url","class":"btn","text":"url","id":"url","postcontent":"url","attr":"url","width":"url","height":"url"},
            "btn4":{"src":"url","class":"btn","text":"url","id":"url","postcontent":"url","attr":"url","width":"url","height":"url"},
            "btn5":{"src":"url","class":"exit","text":"url","id":"url","postcontent":"url","attr":"url","width":"url","height":"url","menu":"nemu"}
        },
        "nemusub3":{
            "btn1":{"src":"url","class":"btn","text":"url","id":"url","postcontent":"url","attr":"url","width":"url","height":"url","menu":"nemusub2"},
            "btn2":{"src":"url","class":"btn","text":"url","id":"url","postcontent":"url","attr":"url","width":"url","height":"url","menu":"nemusub3"},
            "btn3":{"src":"url","class":"btn","text":"url","id":"url","postcontent":"url","attr":"url","width":"url","height":"url"},
            "btn4":{"src":"url","class":"btn","text":"url","id":"url","postcontent":"url","attr":"url","width":"url","height":"url"},
            "btn5":{"src":"url","class":"exit","text":"url","id":"url","postcontent":"url","attr":"url","width":"url","height":"url","menu":"nemu"}
        },
        "nemusub4":{
            "btn1":{"src":"url","class":"btn","text":"url","id":"url","postcontent":"url","attr":"url","width":"url","height":"url","menu":"nemusub2"},
            "btn2":{"src":"url","class":"btn","text":"url","id":"url","postcontent":"url","attr":"url","width":"url","height":"url","menu":"nemusub3"},
            "btn3":{"src":"url","class":"btn","text":"url","id":"url","postcontent":"url","attr":"url","width":"url","height":"url"},
            "btn4":{"src":"url","class":"btn","text":"url","id":"url","postcontent":"url","attr":"url","width":"url","height":"url"},
            "btn5":{"src":"url","class":"exit","text":"url","id":"url","postcontent":"url","attr":"url","width":"url","height":"url","menu":"nemu"}
        }
    }
}